src,src_port,dst,dst_port,original_dataset,original_label,event_generator,event_signature,event_priority,ndpi_risk,ndpi_detected_protocol,payload_bytes_first,packet_pay_size-3,C_packets_rst_avg,packet_pay_size-2,dst2src_packets_rate,C_packets_rst_min,C_packets_urg_avg,src2dst_packets_rate,C_packets_fin_avg,C_idletime_max,http_response_status_code,packet_header_size-4,dst2src_inter_time_std,packet_header_size-0,C_packets_rst_std,payload_bytes_max,src2dst_header_bytes_min,C_dst2src_packets_rate_max,packet_pay_size-8,dst2src_header_bytes_min,http_request_version,src2dst_header_bytes_max,dns_query_type,payload_bytes_avg,dst2src_header_bytes_std,C_dst2src_packets_rate_min,C_packets_syn_std,C_src2dst_packets_rate_max,packet_header_size-7,C_packets_syn_max,C_tcp_retransmissions_max,packets_fin,src2dst_pay_bytes,packet_header_size-6,dst2src_packets,inter_time-10,C_packets_ack_avg,src2dst_header_bytes,inter_time-9,C_idletime_std,C_dst2src_pay_bytes_rate_max,packet_direction-5,C_src2dst_pay_bytes_max,packet_direction-0,packet_direction-1,inter_time-7,packets_rst,C_packets_psh_min,C_src2dst_pay_bytes_rate_avg,src2dst_inter_time_std,C_src2dst_pay_bytes_avg,dns_num_answers,packet_pay_size-7,C_number_of_contacts,detection_completed,inter_time-6,src2dst_header_bytes_std,packets_ack,C_packets_rst_max,inter_time-3,dst2src_header_bytes_avg,C_duration_avg,C_packets_ack_min,dns_query_class,C_dst2src_pay_bytes_std,C_packets_syn_avg,C_packets_psh_max,C_src2dst_packets_rate_avg,dst2src_pay_bytes_min,C_dst2src_header_bytes_min,src2dst_inter_time_max,src2dst_pay_bytes_min,http_method,C_packets_psh_avg,C_dst2src_header_bytes_std,C_packets_ack_std,flow_use_time,inter_time-2,dst2src_inter_time_min,C_dst2src_packets_rate_std,packet_pay_size-4,C_packets_ack_max,C_dst2src_packets_max,C_src2dst_pay_bytes_min,dns_num_queries,inter_time-8,packet_header_size-8,src2dst_pay_bytes_max,protocol,dst2src_pay_bytes_max,http_content_type,C_src2dst_packets_avg,C_src2dst_pay_bytes_rate_std,response_rel_time,packet_pay_size-10,inter_time_min,packet_header_size-1,dns_reply_code,inter_time_avg,C_packets_psh_std,src2dst_header_bytes_avg,packet_direction-9,C_dst2src_packets_std,packet_header_size-9,src2dst_packets,payload_bytes,packet_pay_size-5,http_num_request_headers,packet_header_size-2,packet_direction-4,packet_direction-7,C_tcp_retransmissions_min,C_duration_min,C_dst2src_pay_bytes_avg,dst2src_pay_bytes_avg,C_dst2src_header_bytes_max,C_packets_syn_min,packet_direction-3,http_num_response_headers,C_packets_fin_std,C_duration_std,C_src2dst_header_bytes_max,packets_syn,C_dst2src_header_bytes_avg,C_src2dst_pay_bytes_rate_min,packets_psh,src2dst_pay_bytes_rate,C_tcp_retransmissions_std,C_idletime_avg,C_src2dst_packets_rate_min,C_src2dst_packets_max,C_duration_max,packet_direction-6,C_packets_fin_max,C_packets_urg_std,C_src2dst_packets_rate_std,dst2src_header_bytes,payload_bytes_std,C_dst2src_pay_bytes_rate_avg,src2dst_inter_time_min,flow_duration,C_src2dst_pay_bytes_std,C_src2dst_packets_min,C_packets_urg_min,inter_time-5,dst2src_header_bytes_max,packet_direction-10,dst2src_inter_time_max,packet_pay_size-0,packets,inter_time_max,inter_time_std,C_src2dst_packets_std,packets_urg,packet_direction-8,dst2src_pay_bytes_rate,src2dst_inter_time_avg,dns_rsp_type,flow_idle_time,packet_header_size-3,inter_time-0,C_dst2src_pay_bytes_min,dst2src_pay_bytes_std,C_src2dst_header_bytes_avg,C_dst2src_packets_avg,bytes,packets_without_payload,C_tcp_retransmissions_avg,inter_time-1,C_src2dst_pay_bytes_rate_max,inter_time-4,C_dst2src_pay_bytes_max,packet_pay_size-6,dst2src_pay_bytes,payload_bytes_min,tcp_retransmissions,C_packets_fin_min,C_dst2src_packets_rate_avg,dst2src_inter_time_avg,packet_header_size-5,packet_pay_size-1,packet_header_size-10,C_dst2src_pay_bytes_rate_std,src2dst_pay_bytes_std,C_idletime_min,C_src2dst_header_bytes_std,src2dst_pay_bytes_avg,packet_pay_size-9,packet_direction-2,C_src2dst_header_bytes_min,C_dst2src_packets_min,C_packets_urg_max,C_dst2src_pay_bytes_rate_min
147.32.84.165,137,147.32.84.255,137,CTU13/11,,,,,Acceptable,10/NetBIOS,68,68,0,68,0,0,0,0,0,133583,-1,28,0,28,0,68,28,0,68,0,-1,28,-1,62,0,0,0,3,28,0,0,0,2876,28,0,250,0,1288,0,65906,0,1,1932,1,1,0,0,0,0,19436,958,-1,50,3,1,257,0,0,0,0,0,4325,0,-1,0,0,0,3,0,0,133583,50,-1,0,0,0,12976,744,0,0,68,0,0,400,-1,495,28,68,UDP,0,-1,15,0,0,50,0,28,-1,3224,0,28,1,0,28,46,2876,68,-1,28,1,1,0,2243,0,0,0,0,1,-1,0,2937,840,0,0,0,0,0,0,67676,3,30,8480,1,0,0,0,0,8,0,0,148329,690,8,0,0,0,1,0,68,46,133583,19436,10,0,1,0,3224,-1,135353,28,0,0,0,429,0,4808,0,0,0,0,751,0,50,0,50,0,0,0,0,28,68,28,0,8,1770,290,62,68,1,224,0,0,0
147.32.84.165,1025,147.32.80.9,53,CTU13/11,From-Botnet-V51-1-UDP-DNS,,,,Acceptable,5/DNS,22,45,0,97,0,0,0,0,0,68004,-1,28,28813,28,0,461,28,1000,361,28,-1,28,-1,135,0,47,0,2000,28,0,0,0,270,28,4,0,0,224,68004,31005,437,0,90,1,1,0,0,0,46,22298,67,-1,34,4,1,2216,0,0,0,2248,28,6,0,-1,144,0,0,1523,97,28,68005,22,-1,0,0,0,24,1,1,412,45,0,1,44,-1,1,28,45,UDP,461,-1,2,26,1,34,0,28,-1,6041,0,28,1,0,28,8,1626,461,-1,28,1,1,0,1,339,339,28,0,1,-1,0,8,56,0,28,4,0,0,0,24156,95,2,21,1,0,0,824,112,166,229,0,72492,16,2,0,21,28,1,68005,22,12,68004,18700,0,0,0,0,9061,-1,72468,28,0,97,144,56,1,2130,0,0,0,68,0,461,34,1356,22,0,0,761,18123,28,22,28,174,8,2216,0,33,34,0,56,1,0,21
147.32.84.165,1027,74.125.232.201,80,CTU13/11,From-Botnet-V51-1-TCP-HTTP-Google-Net-Established-6,,,,Safe,7.126/HTTP.Google,0,0,0,0,81,0,0,216,0,0,-1,40,6,48,0,393,40,38,77,40,-1,48,-1,78,3,38,0,76,40,0,0,0,786,40,3,0,3,336,2,0,2,1,786,1,1,20,2,3,30,9,786,-1,0,1,1,0,3,9,0,0,42,26,3,-1,0,0,3,76,77,40,28,393,-1,3,0,0,26,8,6,0,0,3,1,786,-1,6,40,393,TCP,77,-1,2,0,0,0,0,48,-1,3,0,42,1,0,40,8,863,393,-1,48,1,0,0,26,77,77,40,0,1,-1,0,0,80,3,40,30,3,21,0,0,76,2,26,1,0,0,0,128,149,2,0,37,0,2,0,1,48,1,21,0,11,20,5,0,0,0,2,4,-1,11,40,0,77,0,80,1,1481,8,0,0,30,0,77,393,77,0,0,0,38,11,40,0,40,0,0,0,0,393,0,0,80,1,0,2
147.32.84.165,123,65.55.56.40,123,CTU13/11,From-Botnet-V51-1-UDP-Attempt,,,,Acceptable,9/NTP,48,48,0,48,0,0,0,1,0,3014,-1,-1,0,28,0,48,28,0,-1,0,-1,28,-1,48,0,0,0,0,-1,0,0,0,192,-1,0,-1,0,112,-1,0,0,-1,96,1,1,-1,0,0,0,1305,96,-1,-1,2,1,-1,0,0,0,0,0,0,0,-1,0,0,0,0,0,0,3014,48,-1,0,0,0,0,3014,0,0,-1,0,0,96,-1,-1,-1,48,UDP,0,-1,2,0,0,-1,0,28,-1,753,0,28,-1,0,-1,4,192,-1,-1,28,-1,-1,0,0,0,0,0,0,1,-1,0,0,56,0,0,0,0,0,0,3014,0,2,0,-1,0,0,0,0,0,0,0,3014,0,2,0,-1,0,-1,0,48,4,3014,1305,0,0,-1,0,753,-1,3014,28,0,0,0,56,0,360,0,0,0,0,-1,0,-1,0,48,0,0,0,0,-1,48,-1,0,0,3014,0,48,-1,1,56,0,0,0
147.32.84.191,137,147.32.84.255,137,CTU13/11,,,,,Acceptable,10/NetBIOS,68,68,0,68,0,0,0,0,0,133843,-1,28,0,28,0,68,28,0,50,0,-1,28,-1,62,0,0,0,3,28,0,0,0,2876,28,0,410,0,1288,0,66025,0,1,1932,1,1,0,0,0,0,19475,958,-1,68,3,1,403,0,0,0,0,0,4276,0,-1,0,0,0,3,0,0,133843,50,-1,0,0,0,12830,752,0,0,50,0,0,400,-1,341,28,68,UDP,0,-1,15,0,0,68,0,28,-1,3227,0,28,1,0,28,46,2876,50,-1,28,1,1,0,2253,0,0,0,0,1,-1,0,2861,840,0,0,0,0,0,0,67818,3,30,8324,1,0,0,0,0,8,0,0,148466,690,8,0,0,0,1,0,68,46,133843,19475,10,0,1,0,3227,-1,135636,28,0,0,0,429,0,4808,0,0,0,0,347,0,68,0,50,0,0,0,0,28,68,28,0,8,1793,290,62,50,1,224,0,0,0
147.32.84.191,1025,147.32.80.9,53,CTU13/11,From-Botnet-V51-2-UDP-DNS,,,,Acceptable,5/DNS,22,45,0,97,0,0,0,0,0,74409,-1,28,31518,28,0,461,28,1000,361,28,-1,28,-1,135,0,0,0,2000,28,0,0,0,270,28,4,0,0,224,74409,33903,437,0,90,1,1,0,0,0,45,24396,67,-1,34,4,1,2714,0,0,0,2267,28,0,0,-1,144,0,0,1500,97,28,74410,22,-1,0,0,0,3,1,1,433,45,0,1,44,-1,1,28,45,UDP,461,-1,2,27,1,34,0,28,-1,6616,0,28,1,0,28,8,1626,461,-1,28,1,1,0,0,339,339,28,0,1,-1,0,0,56,0,28,0,0,0,0,26463,0,2,1,1,0,0,866,112,166,223,0,79393,16,2,0,0,28,1,74410,22,12,74409,20461,0,0,0,0,9924,-1,79390,28,0,97,144,56,1,2130,0,0,0,68,0,461,34,1356,22,0,0,750,19848,28,22,28,180,8,2267,0,33,34,0,56,1,0,0
147.32.84.165,138,147.32.84.255,138,CTU13/11,,,,,Acceptable,10/NetBIOS,201,178,0,178,0,0,0,0,0,122735,-1,28,0,28,0,201,28,0,174,0,-1,28,-1,192,0,0,0,4000,28,0,0,0,2312,28,0,111773,0,336,0,55276,0,1,758,1,1,0,0,0,151,43324,462,-1,201,5,1,122735,0,0,0,0,0,0,0,-1,0,0,0,800,0,0,122735,174,-1,0,0,0,1,4017,0,0,201,0,0,348,-1,10095,28,201,UDP,0,-1,2,303,0,201,0,28,-1,20718,0,28,1,0,28,12,2312,201,-1,28,1,1,0,0,0,0,0,0,1,-1,0,0,112,0,0,0,0,0,0,62155,0,4,1,1,0,0,1600,0,11,0,0,248621,149,2,0,0,0,1,0,201,12,122735,43324,0,0,1,0,20718,-1,248620,28,0,0,0,67,0,2816,0,0,0,758,1,0,201,0,174,0,0,0,0,28,201,28,0,11,4017,22,192,174,1,56,0,0,0
147.32.84.192,137,147.32.84.255,137,CTU13/11,,,,,Acceptable,10/NetBIOS,68,68,0,68,0,0,0,0,0,133582,-1,28,0,28,0,68,28,0,50,0,-1,28,-1,62,0,0,0,3,28,0,0,0,2876,28,0,350,0,1288,0,65904,0,1,1932,1,1,0,0,0,0,19436,958,-1,68,3,1,349,0,0,0,0,0,4315,0,-1,0,0,0,3,0,0,133582,50,-1,0,0,0,12947,748,0,0,50,0,0,400,-1,401,28,68,UDP,0,-1,15,0,0,68,0,28,-1,3223,0,28,1,0,28,46,2876,50,-1,28,1,1,0,2253,0,0,0,0,1,-1,0,2917,840,0,0,0,0,0,0,67677,3,30,8441,1,0,0,0,0,8,0,0,148302,690,8,0,0,0,1,0,68,46,133582,19436,10,0,1,0,3223,-1,135355,28,0,0,0,429,0,4808,0,0,0,0,402,0,68,0,50,0,0,0,0,28,68,28,0,8,1773,290,62,50,1,224,0,0,0
147.32.84.191,1027,74.125.232.200,80,CTU13/11,From-Botnet-V51-2-TCP-HTTP-Google-Net-Established-6,,,,Safe,7.126/HTTP.Google,0,0,0,0,85,0,0,228,0,0,-1,40,7,48,0,393,40,32,77,40,-1,48,-1,78,3,32,0,64,40,0,0,0,786,40,3,0,3,336,4,0,2,1,786,1,1,13,2,3,25,11,786,-1,0,1,1,0,3,9,0,0,42,31,3,-1,0,0,3,64,77,40,35,393,-1,3,0,0,31,0,0,0,0,3,1,786,-1,18,40,393,TCP,77,-1,2,0,0,0,0,48,-1,3,0,42,1,0,40,8,863,393,-1,48,1,0,0,31,77,77,40,0,1,-1,0,0,80,3,40,25,3,22,0,0,64,2,31,1,0,0,0,128,149,2,0,35,0,2,0,0,48,1,18,0,11,18,6,0,0,0,2,4,-1,4,40,0,77,0,80,1,1481,8,0,0,25,0,77,393,77,0,0,0,32,10,40,0,40,0,0,0,0,393,0,0,80,1,0,2
147.32.84.192,1025,147.32.80.9,53,CTU13/11,From-Botnet-V51-3-UDP-DNS,,,,Acceptable,5/DNS,22,45,0,97,0,0,0,0,0,30519,-1,28,12611,28,0,461,28,1000,361,28,-1,28,-1,135,0,5,0,2000,28,0,0,0,270,28,4,0,0,224,30519,13191,461,0,90,1,1,0,0,0,50,9912,67,-1,34,4,1,2826,0,0,0,2254,28,50,0,-1,144,0,0,1502,97,28,30520,22,-1,0,0,0,200,1,1,430,45,0,1,44,-1,1,28,45,UDP,461,-1,2,33,1,34,0,28,-1,2983,0,28,1,0,28,8,1626,461,-1,28,1,1,0,1,339,339,28,0,1,-1,0,84,56,0,28,0,0,0,0,11866,10,2,197,1,0,0,861,112,166,230,0,35799,16,2,0,1,28,1,30716,22,12,30519,8355,0,0,0,0,4450,-1,35599,28,0,97,144,56,1,2130,0,0,0,90,0,461,34,1356,22,0,0,751,8949,28,22,28,187,8,2254,0,33,34,0,56,1,0,2
147.32.84.191,123,65.55.56.40,123,CTU13/11,From-Botnet-V51-2-UDP-Attempt,,,,Acceptable,9/NTP,48,48,0,48,0,0,0,1,0,3023,-1,-1,0,28,0,48,28,0,-1,0,-1,28,-1,48,0,0,0,0,-1,0,0,0,192,-1,0,-1,0,112,-1,0,0,-1,96,1,1,-1,0,0,0,1308,96,-1,-1,2,1,-1,0,0,0,0,0,0,0,-1,0,0,0,0,0,0,3023,48,-1,0,0,0,0,3023,0,0,-1,0,0,96,-1,-1,-1,48,UDP,0,-1,2,0,0,-1,0,28,-1,755,0,28,-1,0,-1,4,192,-1,-1,28,-1,-1,0,0,0,0,0,0,1,-1,0,0,56,0,0,0,0,0,0,3023,0,2,0,-1,0,0,0,0,0,0,0,3023,0,2,0,-1,0,-1,0,48,4,3023,1308,0,0,-1,0,755,-1,3023,28,0,0,0,56,0,360,0,0,0,0,-1,0,-1,0,48,0,0,0,0,-1,48,-1,0,0,3023,0,48,-1,1,56,0,0,0
147.32.84.192,1027,74.125.232.199,80,CTU13/11,From-Botnet-V51-3-TCP-HTTP-Google-Net-Established-6,,,,Safe,7.126/HTTP.Google,0,0,0,0,66,0,0,177,0,0,-1,40,7,48,0,393,40,31,77,40,-1,48,-1,78,3,31,0,62,40,0,0,0,786,40,3,0,3,336,3,0,2,1,786,1,1,8,2,3,24,11,786,-1,0,1,1,0,3,9,0,1,42,32,3,-1,0,0,3,62,77,40,35,393,-1,3,0,0,32,8,8,0,0,3,1,786,-1,24,40,393,TCP,77,-1,2,0,0,0,0,48,-1,4,0,42,1,0,40,8,863,393,-1,48,1,0,0,32,77,77,40,0,1,-1,0,0,80,3,40,24,3,17,0,0,62,2,32,1,0,0,0,128,149,2,0,45,0,2,0,1,48,1,24,0,11,24,6,0,0,0,1,5,-1,13,40,0,77,0,80,1,1481,8,0,0,24,0,77,393,77,0,0,0,31,14,40,0,40,0,0,0,0,393,0,0,80,1,0,2
147.32.84.191,138,147.32.84.255,138,CTU13/11,,,,,Acceptable,10/NetBIOS,201,179,0,179,0,0,0,0,0,120912,-1,28,0,28,0,201,28,0,174,0,-1,28,-1,192,0,0,0,4000,28,0,0,0,2314,28,0,106114,0,336,0,53039,0,1,760,1,1,0,0,0,152,41946,462,-1,201,5,1,120912,0,0,0,0,0,0,0,-1,0,0,0,800,0,0,120912,174,-1,0,0,0,1,4037,0,0,201,0,0,348,-1,12179,28,201,UDP,0,-1,2,304,0,201,0,28,-1,20270,0,28,1,0,28,12,2314,201,-1,28,1,1,0,0,0,0,0,0,1,-1,0,0,112,0,0,0,0,0,0,60810,0,4,1,1,0,0,1600,0,11,0,0,243243,150,2,0,0,0,1,0,201,12,120912,41946,0,0,1,0,20270,-1,243242,28,0,0,0,67,0,2818,0,0,0,760,1,0,201,0,174,0,0,0,0,28,201,28,0,11,4037,22,192,174,1,56,0,0,0
147.32.84.192,123,65.55.56.40,123,CTU13/11,From-Botnet-V51-3-UDP-Attempt,,,,Acceptable,9/NTP,48,48,0,48,0,0,0,1,0,2998,-1,-1,0,28,0,48,28,0,-1,0,-1,28,-1,48,0,0,0,0,-1,0,0,0,192,-1,0,-1,0,112,-1,0,0,-1,96,1,1,-1,0,0,0,1298,96,-1,-1,2,1,-1,0,0,0,0,0,0,0,-1,0,0,0,0,0,0,2998,48,-1,0,0,0,0,2998,0,0,-1,0,0,96,-1,-1,-1,48,UDP,0,-1,2,0,0,-1,0,28,-1,749,0,28,-1,0,-1,4,192,-1,-1,28,-1,-1,0,0,0,0,0,0,1,-1,0,0,56,0,0,0,0,0,0,2998,0,2,0,-1,0,0,0,0,0,0,0,2998,0,2,0,-1,0,-1,0,48,4,2998,1298,0,0,-1,0,749,-1,2998,28,0,0,0,56,0,360,0,0,0,0,-1,0,-1,0,48,0,0,0,0,-1,48,-1,0,0,2998,0,48,-1,1,56,0,0,0
147.32.84.165,1035,239.255.255.250,1900,CTU13/11,,,,,Acceptable,12/SSDP,133,133,0,133,0,0,0,0,0,3004,-1,28,0,28,0,133,28,0,-1,0,-1,28,-1,133,0,0,0,0,-1,0,0,0,798,-1,0,-1,0,168,-1,1,0,1,266,1,1,-1,0,0,0,1415,266,-1,-1,3,1,-1,0,0,0,0,0,0,0,-1,0,0,0,0,0,0,3004,133,-1,0,0,0,0,3001,0,0,133,0,0,266,-1,-1,-1,133,UDP,0,-1,2,0,0,-1,0,28,-1,1000,0,28,-1,0,-1,6,798,133,-1,28,1,-1,0,0,0,0,0,0,1,-1,0,0,56,0,0,0,0,0,0,3002,0,2,0,-1,0,0,0,0,0,0,0,6005,0,2,0,0,0,-1,0,133,6,3004,1415,0,0,-1,0,1000,-1,6005,28,0,0,0,56,0,1050,0,0,0,0,3004,0,-1,0,133,0,0,0,0,28,133,-1,0,0,3001,0,133,-1,1,56,0,0,0
147.32.84.192,138,147.32.84.255,138,CTU13/11,,,,,Acceptable,10/NetBIOS,201,179,0,179,0,0,0,0,0,121933,-1,28,0,28,0,201,28,0,174,0,-1,28,-1,192,0,0,0,2000,28,0,0,0,2314,28,0,110828,0,336,0,54660,0,1,760,1,1,1,0,0,80,42986,462,-1,201,5,1,121933,0,0,0,0,0,0,0,-1,0,0,0,400,0,0,121933,174,-1,0,0,0,1,4007,0,0,201,0,0,348,-1,10896,28,201,UDP,0,-1,2,160,0,201,0,28,-1,20638,0,28,1,0,28,12,2314,201,-1,28,1,1,0,0,0,0,0,0,1,-1,0,0,112,0,0,0,0,0,0,61916,0,4,1,1,0,0,800,0,11,0,0,247665,150,2,0,0,0,1,0,201,12,121933,42986,0,0,1,0,20638,-1,247664,28,0,0,0,67,0,2818,0,0,0,402,0,0,201,0,174,0,0,0,0,28,201,28,0,11,4007,22,192,174,1,56,0,0,0
147.32.84.191,1035,239.255.255.250,1900,CTU13/11,,,,,Acceptable,12/SSDP,133,133,0,133,0,0,0,0,0,3004,-1,28,0,28,0,133,28,0,-1,0,-1,28,-1,133,0,0,0,0,-1,0,0,0,798,-1,0,-1,0,168,-1,1,0,1,266,1,1,-1,0,0,0,1415,266,-1,-1,3,1,-1,0,0,0,0,0,0,0,-1,0,0,0,0,0,0,3004,133,-1,0,0,0,0,3001,0,0,133,0,0,266,-1,-1,-1,133,UDP,0,-1,2,0,0,-1,0,28,-1,1000,0,28,-1,0,-1,6,798,133,-1,28,1,-1,0,0,0,0,0,0,1,-1,0,0,56,0,0,0,0,0,0,3002,0,2,0,-1,0,0,0,0,0,0,0,6005,0,2,0,0,0,-1,0,133,6,3004,1415,0,0,-1,0,1000,-1,6005,28,0,0,0,56,0,1050,0,0,0,0,3004,0,-1,0,133,0,0,0,0,28,133,-1,0,0,3001,0,133,-1,1,56,0,0,0
147.32.84.192,1035,239.255.255.250,1900,CTU13/11,,,,,Acceptable,12/SSDP,133,133,0,133,0,0,0,0,0,3005,-1,28,0,28,0,133,28,0,-1,0,-1,28,-1,133,0,0,0,0,-1,0,0,0,798,-1,0,-1,0,168,-1,2,0,1,266,1,1,-1,0,0,0,1415,266,-1,-1,3,1,-1,0,0,0,0,0,0,0,-1,0,0,0,0,0,0,3005,133,-1,0,0,0,0,3001,0,0,133,0,0,266,-1,-1,-1,133,UDP,0,-1,2,0,0,-1,0,28,-1,1001,0,28,-1,0,-1,6,798,133,-1,28,1,-1,0,0,0,0,0,0,1,-1,0,0,56,0,0,0,0,0,0,3003,0,2,0,-1,0,0,0,0,0,0,0,6006,0,2,0,0,0,-1,0,133,6,3005,1415,0,0,-1,0,1001,-1,6006,28,0,0,0,56,0,1050,0,0,0,0,3005,0,-1,0,133,0,0,0,0,28,133,-1,0,0,3001,0,133,-1,1,56,0,0,0
147.32.84.192,1037,78.40.125.4,6667,CTU13/11,From-Botnet-V51-3-TCP-CC106-IRC-Not-Encrypted,,,,Unsafe,65/IRC,0,0,0,0,0,0,0,0,0,192599,-1,40,44041,48,0,1460,40,1000,0,40,-1,48,-1,88,1,0,0,2000,40,0,0,0,1006,40,26,2,2,1456,63,59154,29,1,558,1,1,29,0,1,5,23632,251,-1,66,12,1,0,1,60,0,0,40,203,1,-1,812,0,7,171,29,40,132518,21,-1,2,34,2,2436,29,0,275,0,9,3,58,-1,0,40,211,TCP,1460,-1,1,15,0,0,0,48,-1,7770,1,40,0,1,40,36,5469,47,-1,48,1,0,0,0,371,234,120,0,1,-1,0,380,240,3,63,0,29,0,0,43571,0,6,1267,1,0,0,551,1048,266,4,0,481750,187,0,0,0,48,1,192569,0,62,192569,29938,1,0,0,0,7290,-1,479314,40,0,29,442,40,1,8841,31,0,0,58,0,2986,47,4463,0,0,0,87,18528,40,0,40,9,65,1697,69,83,1460,0,0,1,0,0
78.40.125.4,60632,147.32.84.192,113,CTU13/11,Background-TCP-Established,,,,Unrated,0/Unknown,0,0,0,0,92,0,0,76,0,0,-1,52,15,60,0,28,52,0,0,52,-1,60,-1,6,5,0,0,0,52,0,1,1,13,52,6,0,3,268,1,0,0,0,13,1,0,32,0,3,0,15,13,-1,0,1,0,0,3,10,0,30,56,0,3,-1,0,0,3,0,28,104,32,13,-1,3,0,0,0,0,0,0,13,3,2,13,-1,0,52,13,TCP,28,-1,1,0,0,0,0,64,-1,5,0,53,0,0,52,5,69,28,-1,64,1,1,1,0,56,28,104,0,1,-1,0,0,52,3,104,0,3,0,0,0,0,1,0,0,0,0,0,336,10,0,0,65,0,1,0,0,64,0,33,0,11,32,11,0,0,1,0,12,-1,65,52,0,56,0,52,2,827,8,1,1,0,1,56,28,56,0,1,0,0,10,52,0,52,0,0,0,0,13,0,0,52,2,0,0
85.190.0.3,46375,147.32.84.192,3128,CTU13/11,Background-TCP-Attempt,,,,Unrated,0/Unknown,0,-1,0,0,2000,0,0,1000,0,0,-1,-1,0,60,0,0,60,0,-1,40,-1,60,-1,0,0,0,0,0,-1,0,0,0,0,-1,2,-1,0,60,-1,0,0,-1,0,1,0,-1,2,0,0,0,0,-1,-1,0,0,-1,0,2,0,-1,40,0,0,-1,0,0,0,0,0,0,0,0,-1,0,0,0,0,1,0,0,-1,0,0,0,-1,-1,-1,0,TCP,0,-1,0,0,0,-1,0,40,-1,0,0,60,-1,0,-1,1,0,-1,-1,40,-1,-1,0,0,0,0,0,0,-1,-1,0,0,0,1,0,0,0,0,0,0,0,0,0,-1,0,0,0,80,0,0,0,1,0,0,0,-1,40,-1,1,0,3,1,0,0,0,-1,0,0,-1,1,-1,0,0,0,0,0,182,3,0,0,0,-1,0,-1,0,0,0,0,0,0,-1,0,-1,0,0,0,0,0,-1,0,0,0,0,0
85.190.0.3,42255,147.32.84.192,1182,CTU13/11,Background-TCP-Attempt,,,,Unrated,0/Unknown,0,-1,0,0,1000,0,0,500,0,0,-1,-1,1,60,0,0,60,0,-1,40,-1,60,-1,0,0,0,0,0,-1,0,0,0,0,-1,2,-1,0,60,-1,0,0,-1,0,1,0,-1,2,0,0,0,0,-1,-1,0,0,-1,0,2,0,-1,40,0,0,-1,0,0,0,0,0,0,0,0,-1,0,0,0,0,0,0,0,-1,0,0,0,-1,-1,-1,0,TCP,0,-1,0,0,0,-1,0,40,-1,0,0,60,-1,0,-1,1,0,-1,-1,40,-1,-1,0,0,0,0,0,0,-1,-1,0,0,0,1,0,0,0,0,0,0,0,0,0,-1,0,0,0,80,0,0,0,2,0,0,0,-1,40,-1,2,0,3,2,1,0,0,-1,0,0,-1,2,-1,0,0,0,0,0,182,3,0,2,0,-1,0,-1,0,0,0,0,0,1,-1,0,-1,0,0,0,0,0,-1,0,0,0,0,0
85.190.0.3,35593,147.32.84.192,80,CTU13/11,Background-TCP-Attempt,,,,Unrated,0/Unknown,0,-1,0,0,1000,0,0,500,0,0,-1,-1,1,60,0,0,60,0,-1,40,-1,60,-1,0,0,0,0,0,-1,0,0,0,0,-1,2,-1,0,60,-1,0,0,-1,0,1,0,-1,2,0,0,0,0,-1,-1,0,0,-1,0,2,0,-1,40,0,0,-1,0,0,0,0,0,0,0,0,-1,0,0,0,0,0,0,0,-1,0,0,0,-1,-1,-1,0,TCP,0,-1,0,0,0,-1,0,40,-1,0,0,60,-1,0,-1,1,0,-1,-1,40,-1,-1,0,0,0,0,0,0,-1,-1,0,0,0,1,0,0,0,0,0,0,0,0,0,-1,0,0,0,80,0,0,0,2,0,0,0,-1,40,-1,2,0,3,2,1,0,0,-1,0,0,-1,2,-1,0,0,0,0,0,182,3,0,2,0,-1,0,-1,0,0,0,0,0,1,-1,0,-1,0,0,0,0,0,-1,0,0,0,0,0
85.190.0.3,43060,147.32.84.192,6588,CTU13/11,Background-TCP-Attempt,,,,Unrated,0/Unknown,0,-1,0,0,1000,0,0,500,0,0,-1,-1,1,60,0,0,60,0,-1,40,-1,60,-1,0,0,0,0,0,-1,0,0,0,0,-1,2,-1,0,60,-1,0,0,-1,0,1,0,-1,2,0,0,0,0,-1,-1,0,0,-1,0,2,0,-1,40,0,0,-1,0,0,0,0,0,0,0,0,-1,0,0,0,0,0,0,0,-1,0,0,0,-1,-1,-1,0,TCP,0,-1,0,0,0,-1,0,40,-1,0,0,60,-1,0,-1,1,0,-1,-1,40,-1,-1,0,0,0,0,0,0,-1,-1,0,0,0,1,0,0,0,0,0,0,0,0,0,-1,0,0,0,80,0,0,0,2,0,0,0,-1,40,-1,2,0,3,2,1,0,0,-1,0,0,-1,2,-1,0,0,0,0,0,182,3,0,2,0,-1,0,-1,0,0,0,0,0,1,-1,0,-1,0,0,0,0,0,-1,0,0,0,0,0
85.190.0.3,37773,147.32.84.192,8000,CTU13/11,Background-TCP-Attempt,,,,Unrated,0/Unknown,0,-1,0,0,0,0,0,0,0,0,-1,-1,0,60,0,0,60,0,-1,40,-1,60,-1,0,0,0,0,0,-1,0,0,0,0,-1,2,-1,0,60,-1,0,0,-1,0,1,0,-1,2,0,0,0,0,-1,-1,0,0,-1,0,2,0,-1,40,0,0,-1,0,0,0,0,0,0,0,0,-1,0,0,0,0,0,0,0,-1,0,0,0,-1,-1,-1,0,TCP,0,-1,0,0,0,-1,0,40,-1,0,0,60,-1,0,-1,1,0,-1,-1,40,-1,-1,0,0,0,0,0,0,-1,-1,0,0,0,1,0,0,0,0,0,0,0,0,0,-1,0,0,0,80,0,0,0,0,0,0,0,-1,40,-1,0,0,3,0,0,0,0,-1,0,0,-1,0,-1,0,0,0,0,0,182,3,0,0,0,-1,0,-1,0,0,0,0,0,0,-1,0,-1,0,0,0,0,0,-1,0,0,0,0,0
85.190.0.3,54912,147.32.84.192,8080,CTU13/11,Background-TCP-Attempt,,,,Unrated,0/Unknown,0,-1,0,0,2000,0,0,1000,0,0,-1,-1,0,60,0,0,60,0,-1,40,-1,60,-1,0,0,0,0,0,-1,0,0,0,0,-1,2,-1,0,60,-1,0,0,-1,0,1,0,-1,2,0,0,0,0,-1,-1,0,0,-1,0,2,0,-1,40,0,0,-1,0,0,0,0,0,0,0,0,-1,0,0,0,0,0,0,0,-1,0,0,0,-1,-1,-1,0,TCP,0,-1,0,0,0,-1,0,40,-1,0,0,60,-1,0,-1,1,0,-1,-1,40,-1,-1,0,0,0,0,0,0,-1,-1,0,0,0,1,0,0,0,0,0,0,0,0,0,-1,0,0,0,80,0,0,0,1,0,0,0,-1,40,-1,1,0,3,1,0,0,0,-1,0,0,-1,1,-1,0,0,0,0,0,182,3,0,1,0,-1,0,-1,0,0,0,0,0,0,-1,0,-1,0,0,0,0,0,-1,0,0,0,0,0
85.190.0.3,58716,147.32.84.192,8000,CTU13/11,Background-TCP-Attempt,,,,Unrated,0/Unknown,0,-1,0,0,2000,0,0,1000,0,0,-1,-1,0,60,0,0,60,0,-1,40,-1,60,-1,0,0,0,0,0,-1,0,0,0,0,-1,2,-1,0,60,-1,0,0,-1,0,1,0,-1,2,0,0,0,0,-1,-1,0,0,-1,0,2,0,-1,40,0,0,-1,0,0,0,0,0,0,0,0,-1,0,0,0,0,0,0,0,-1,0,0,0,-1,-1,-1,0,TCP,0,-1,0,0,0,-1,0,40,-1,0,0,60,-1,0,-1,1,0,-1,-1,40,-1,-1,0,0,0,0,0,0,-1,-1,0,0,0,1,0,0,0,0,0,0,0,0,0,-1,0,0,0,80,0,0,0,1,0,0,0,-1,40,-1,1,0,3,1,0,0,0,-1,0,0,-1,1,-1,0,0,0,0,0,182,3,0,1,0,-1,0,-1,0,0,0,0,0,0,-1,0,-1,0,0,0,0,0,-1,0,0,0,0,0
147.32.84.165,1038,38.229.70.20,6667,CTU13/11,From-Botnet-V51-1-TCP-Established,,,,Unsafe,65/IRC,0,0,0,0,0,0,0,0,0,145439,-1,40,38846,48,0,1460,40,62,62,40,-1,48,-1,111,1,0,0,125,40,0,0,0,1342,40,24,0,3,1616,102,54221,4,1,558,1,1,120,0,1,1,31174,223,-1,0,8,1,0,1,62,0,0,40,217,1,-1,1532,0,9,19,25,0,145439,21,-1,3,70,3,1742,120,0,19,0,12,6,50,-1,0,40,211,TCP,1460,-1,2,4,0,0,0,48,-1,6196,2,40,1,1,40,40,7154,47,-1,48,1,0,0,0,830,387,240,0,1,-1,0,305,240,3,75,0,28,0,0,56372,0,6,916,1,0,0,40,968,311,1,0,396588,160,0,0,1,48,1,145385,0,64,145265,25077,1,0,0,0,9911,-1,394846,40,0,25,554,80,1,10634,33,0,0,14,0,4543,47,5812,0,0,0,11,16524,40,0,40,1,57,3560,69,83,0,0,0,0,0,0
38.229.70.20,50647,147.32.84.165,113,CTU13/11,Background-TCP-Established,,,,Unrated,0/Unknown,0,0,0,0,24,0,0,20,0,0,-1,52,57,60,0,29,52,0,0,52,-1,60,-1,6,5,0,0,0,52,0,1,1,13,52,6,0,3,268,1,0,0,0,13,1,0,120,0,3,0,59,13,-1,0,1,0,0,3,10,0,121,56,0,3,-1,0,0,3,0,29,104,121,13,-1,3,0,0,0,0,0,0,13,3,2,13,-1,0,52,13,TCP,29,-1,1,0,0,0,0,64,-1,22,0,53,0,0,52,5,71,29,-1,64,1,1,1,0,58,29,104,0,1,-1,0,0,52,3,104,0,3,0,0,0,0,1,0,0,0,0,0,336,11,0,0,242,0,1,0,0,64,0,121,0,11,121,46,0,0,1,0,48,-1,242,52,0,58,0,52,2,829,8,1,0,0,0,58,29,58,0,1,0,0,40,52,0,52,0,0,0,0,13,0,0,52,2,0,0
85.190.0.3,34349,147.32.84.165,3128,CTU13/11,Background-TCP-Attempt,,,,Unrated,0/Unknown,0,-1,0,0,0,0,0,0,0,0,-1,-1,0,60,0,0,60,0,-1,40,-1,60,-1,0,0,0,0,0,-1,0,0,0,0,-1,2,-1,0,60,-1,0,0,-1,0,1,0,-1,2,0,0,0,0,-1,-1,0,0,-1,0,2,0,-1,40,0,0,-1,0,0,0,0,0,0,0,0,-1,0,0,0,0,0,0,0,-1,0,0,0,-1,-1,-1,0,TCP,0,-1,0,0,0,-1,0,40,-1,0,0,60,-1,0,-1,1,0,-1,-1,40,-1,-1,0,0,0,0,0,0,-1,-1,0,0,0,1,0,0,0,0,0,0,0,0,0,-1,0,0,0,80,0,0,0,0,0,0,0,-1,40,-1,0,0,3,0,0,0,0,-1,0,0,-1,0,-1,0,0,0,0,0,182,3,0,0,0,-1,0,-1,0,0,0,0,0,0,-1,0,-1,0,0,0,0,0,-1,0,0,0,0,0
85.190.0.3,44304,147.32.84.165,8000,CTU13/11,Background-TCP-Attempt,,,,Unrated,0/Unknown,0,-1,0,0,0,0,0,0,0,0,-1,-1,0,60,0,0,60,0,-1,40,-1,60,-1,0,0,0,0,0,-1,0,0,0,0,-1,2,-1,0,60,-1,0,0,-1,0,1,0,-1,2,0,0,0,0,-1,-1,0,0,-1,0,2,0,-1,40,0,0,-1,0,0,0,0,0,0,0,0,-1,0,0,0,0,0,0,0,-1,0,0,0,-1,-1,-1,0,TCP,0,-1,0,0,0,-1,0,40,-1,0,0,60,-1,0,-1,1,0,-1,-1,40,-1,-1,0,0,0,0,0,0,-1,-1,0,0,0,1,0,0,0,0,0,0,0,0,0,-1,0,0,0,80,0,0,0,0,0,0,0,-1,40,-1,0,0,3,0,0,0,0,-1,0,0,-1,0,-1,0,0,0,0,0,182,3,0,0,0,-1,0,-1,0,0,0,0,0,0,-1,0,-1,0,0,0,0,0,-1,0,0,0,0,0
85.190.0.3,46743,147.32.84.165,3128,CTU13/11,Background-TCP-Attempt,,,,Unrated,0/Unknown,0,-1,0,0,2000,0,0,1000,0,0,-1,-1,0,60,0,0,60,0,-1,40,-1,60,-1,0,0,0,0,0,-1,0,0,0,0,-1,2,-1,0,60,-1,0,0,-1,0,1,0,-1,2,0,0,0,0,-1,-1,0,0,-1,0,2,0,-1,40,0,0,-1,0,0,0,0,0,0,0,0,-1,0,0,0,0,0,0,0,-1,0,0,0,-1,-1,-1,0,TCP,0,-1,0,0,0,-1,0,40,-1,0,0,60,-1,0,-1,1,0,-1,-1,40,-1,-1,0,0,0,0,0,0,-1,-1,0,0,0,1,0,0,0,0,0,0,0,0,0,-1,0,0,0,80,0,0,0,1,0,0,0,-1,40,-1,1,0,3,1,0,0,0,-1,0,0,-1,1,-1,0,0,0,0,0,182,3,0,1,0,-1,0,-1,0,0,0,0,0,0,-1,0,-1,0,0,0,0,0,-1,0,0,0,0,0
85.190.0.3,34622,147.32.84.165,9999,CTU13/11,Background-TCP-Attempt,,,,Unrated,0/Unknown,0,-1,0,0,0,0,0,0,0,0,-1,-1,0,60,0,0,60,0,-1,40,-1,60,-1,0,0,0,0,0,-1,0,0,0,0,-1,2,-1,0,60,-1,0,0,-1,0,1,0,-1,2,0,0,0,0,-1,-1,0,0,-1,0,2,0,-1,40,0,0,-1,0,0,0,0,0,0,0,0,-1,0,0,0,0,0,0,0,-1,0,0,0,-1,-1,-1,0,TCP,0,-1,0,0,0,-1,0,40,-1,0,0,60,-1,0,-1,1,0,-1,-1,40,-1,-1,0,0,0,0,0,0,-1,-1,0,0,0,1,0,0,0,0,0,0,0,0,0,-1,0,0,0,80,0,0,0,0,0,0,0,-1,40,-1,0,0,3,0,0,0,0,-1,0,0,-1,0,-1,0,0,0,0,0,182,3,0,0,0,-1,0,-1,0,0,0,0,0,0,-1,0,-1,0,0,0,0,0,-1,0,0,0,0,0
85.190.0.3,37541,147.32.84.165,8888,CTU13/11,Background-TCP-Attempt,,,,Unrated,0/Unknown,0,-1,0,0,1000,0,0,500,0,0,-1,-1,1,60,0,0,60,0,-1,40,-1,60,-1,0,0,0,0,0,-1,0,0,0,0,-1,2,-1,0,60,-1,0,0,-1,0,1,0,-1,2,0,0,0,0,-1,-1,0,0,-1,0,2,0,-1,40,0,0,-1,0,0,0,0,0,0,0,0,-1,0,0,0,0,0,0,0,-1,0,0,0,-1,-1,-1,0,TCP,0,-1,0,0,0,-1,0,40,-1,0,0,60,-1,0,-1,1,0,-1,-1,40,-1,-1,0,0,0,0,0,0,-1,-1,0,0,0,1,0,0,0,0,0,0,0,0,0,-1,0,0,0,80,0,0,0,2,0,0,0,-1,40,-1,2,0,3,2,1,0,0,-1,0,0,-1,2,-1,0,0,0,0,0,182,3,0,2,0,-1,0,-1,0,0,0,0,0,1,-1,0,-1,0,0,0,0,0,-1,0,0,0,0,0
85.190.0.3,48785,147.32.84.165,23,CTU13/11,Background-TCP-Attempt,,,,Unrated,0/Unknown,0,-1,0,0,1000,0,0,500,0,0,-1,-1,0,60,0,0,60,0,-1,40,-1,60,-1,0,0,0,0,0,-1,0,0,0,0,-1,2,-1,0,60,-1,0,0,-1,0,1,0,-1,2,0,0,0,0,-1,-1,0,0,-1,0,2,0,-1,40,0,0,-1,0,0,0,0,0,0,0,0,-1,0,0,0,0,1,1,0,-1,0,0,0,-1,-1,-1,0,TCP,0,-1,0,0,0,-1,0,40,-1,0,0,60,-1,0,-1,1,0,-1,-1,40,-1,-1,0,0,0,0,0,0,-1,-1,0,0,0,1,0,0,0,0,0,0,0,0,0,-1,0,0,0,80,0,0,0,2,0,0,0,-1,40,-1,1,0,3,1,0,0,0,-1,0,0,-1,2,-1,0,0,0,0,0,182,3,0,1,0,-1,0,-1,0,0,0,0,0,1,-1,0,-1,0,0,0,0,0,-1,0,0,0,0,0
147.32.84.191,1038,216.155.130.130,6667,CTU13/11,From-Botnet-V51-2-TCP-CC106-IRC-Not-Encrypted,,,,Unsafe,65/IRC,0,0,0,0,0,0,0,0,0,152281,-1,40,40178,48,0,1460,40,100,50,40,-1,48,-1,156,0,0,0,200,40,0,0,0,1344,40,23,0,4,1456,0,59204,15,1,558,1,1,111,0,2,3,33006,224,-1,63,7,1,0,1,57,0,0,40,187,2,-1,2395,0,10,35,26,0,152281,21,-1,4,99,4,1315,113,0,32,0,14,8,52,-1,1,40,211,TCP,1460,-1,2,7,0,0,0,48,-1,6168,2,40,1,2,40,36,9212,47,-1,44,1,0,0,0,1311,491,320,0,1,-1,0,207,240,3,91,0,28,0,0,60402,0,6,522,1,0,0,68,924,371,3,0,363961,160,0,0,0,44,1,152272,0,59,152156,26226,1,0,0,0,10106,-1,362646,40,0,26,589,91,2,12418,27,0,0,22,0,6640,47,7868,0,0,0,20,15824,40,0,40,5,57,2444,66,84,0,0,0,0,0,0
216.155.130.130,62488,147.32.84.191,113,CTU13/11,Background-TCP-Established,,,,Unrated,0/Unknown,0,0,0,0,30,0,0,25,0,0,-1,52,45,60,0,28,52,0,0,52,-1,60,-1,6,3,0,0,0,52,0,1,1,13,52,6,0,3,268,0,0,0,0,13,1,0,95,0,3,0,46,13,-1,0,1,0,0,3,10,0,97,54,0,3,-1,0,0,3,0,28,104,97,13,-1,3,0,0,0,0,0,0,13,3,2,13,-1,1,52,13,TCP,28,-1,1,0,0,0,0,60,-1,17,0,53,0,0,52,5,69,28,-1,60,1,1,1,0,56,28,104,0,1,-1,0,0,52,3,104,0,3,0,0,0,0,1,0,0,0,0,0,328,10,0,0,194,0,1,0,0,60,0,98,0,11,97,36,0,0,1,0,38,-1,194,52,0,56,0,52,2,819,8,1,0,0,1,56,28,56,0,1,0,0,32,52,0,52,0,0,0,0,13,0,0,52,2,0,0
85.190.0.3,43885,147.32.84.191,80,CTU13/11,Background-TCP-Attempt,,,,Unrated,0/Unknown,0,-1,0,0,0,0,0,0,0,0,-1,-1,0,60,0,0,60,0,-1,40,-1,60,-1,0,0,0,0,0,-1,0,0,0,0,-1,2,-1,0,60,-1,0,0,-1,0,1,0,-1,2,0,0,0,0,-1,-1,0,0,-1,0,2,0,-1,40,0,0,-1,0,0,0,0,0,0,0,0,-1,0,0,0,0,0,0,0,-1,0,0,0,-1,-1,-1,0,TCP,0,-1,0,0,0,-1,0,40,-1,0,0,60,-1,0,-1,1,0,-1,-1,40,-1,-1,0,0,0,0,0,0,-1,-1,0,0,0,1,0,0,0,0,0,0,0,0,0,-1,0,0,0,80,0,0,0,0,0,0,0,-1,40,-1,0,0,3,0,0,0,0,-1,0,0,-1,0,-1,0,0,0,0,0,182,3,0,0,0,-1,0,-1,0,0,0,0,0,0,-1,0,-1,0,0,0,0,0,-1,0,0,0,0,0
85.190.0.3,41123,147.32.84.191,3246,CTU13/11,Background-TCP-Attempt,,,,Unrated,0/Unknown,0,-1,0,0,666,0,0,333,0,0,-1,-1,1,60,0,0,60,0,-1,40,-1,60,-1,0,0,0,0,0,-1,0,0,0,0,-1,2,-1,0,60,-1,0,0,-1,0,1,0,-1,2,0,0,0,0,-1,-1,0,0,-1,0,2,0,-1,40,0,0,-1,0,0,0,0,0,0,0,0,-1,0,0,0,0,0,0,0,-1,0,0,0,-1,-1,-1,0,TCP,0,-1,0,0,0,-1,0,40,-1,1,0,60,-1,0,-1,1,0,-1,-1,40,-1,-1,0,0,0,0,0,0,-1,-1,0,0,0,1,0,0,0,0,0,0,0,0,0,-1,0,0,0,80,0,0,0,3,0,0,0,-1,40,-1,3,0,3,3,1,0,0,-1,0,0,-1,3,-1,0,0,0,0,0,182,3,0,3,0,-1,0,-1,0,0,0,0,0,1,-1,0,-1,0,0,0,0,0,-1,0,0,0,0,0
85.190.0.3,39421,147.32.84.191,1080,CTU13/11,Background-TCP-Attempt,,,,Unrated,0/Unknown,0,-1,0,0,666,0,0,333,0,0,-1,-1,1,60,0,0,60,0,-1,40,-1,60,-1,0,0,0,0,0,-1,0,0,0,0,-1,2,-1,0,60,-1,0,0,-1,0,1,0,-1,2,0,0,0,0,-1,-1,0,0,-1,0,2,0,-1,40,0,0,-1,0,0,0,0,0,0,0,0,-1,0,0,0,0,0,0,0,-1,0,0,0,-1,-1,-1,0,TCP,0,-1,0,0,0,-1,0,40,-1,1,0,60,-1,0,-1,1,0,-1,-1,40,-1,-1,0,0,0,0,0,0,-1,-1,0,0,0,1,0,0,0,0,0,0,0,0,0,-1,0,0,0,80,0,0,0,3,0,0,0,-1,40,-1,3,0,3,3,1,0,0,-1,0,0,-1,3,-1,0,0,0,0,0,182,3,0,3,0,-1,0,-1,0,0,0,0,0,1,-1,0,-1,0,0,0,0,0,-1,0,0,0,0,0
85.190.0.3,52540,147.32.84.191,8080,CTU13/11,Background-TCP-Attempt,,,,Unrated,0/Unknown,0,-1,0,0,666,0,0,333,0,0,-1,-1,1,60,0,0,60,0,-1,40,-1,60,-1,0,0,0,0,0,-1,0,0,0,0,-1,2,-1,0,60,-1,0,0,-1,0,1,0,-1,2,0,0,0,0,-1,-1,0,0,-1,0,2,0,-1,40,0,0,-1,0,0,0,0,0,0,0,0,-1,0,0,0,0,0,0,0,-1,0,0,0,-1,-1,-1,0,TCP,0,-1,0,0,0,-1,0,40,-1,1,0,60,-1,0,-1,1,0,-1,-1,40,-1,-1,0,0,0,0,0,0,-1,-1,0,0,0,1,0,0,0,0,0,0,0,0,0,-1,0,0,0,80,0,0,0,3,0,0,0,-1,40,-1,3,0,3,3,1,0,0,-1,0,0,-1,3,-1,0,0,0,0,0,182,3,0,3,0,-1,0,-1,0,0,0,0,0,1,-1,0,-1,0,0,0,0,0,-1,0,0,0,0,0
85.190.0.3,59488,147.32.84.191,8000,CTU13/11,Background-TCP-Attempt,,,,Unrated,0/Unknown,0,-1,0,0,2000,0,0,1000,0,0,-1,-1,0,60,0,0,60,0,-1,40,-1,60,-1,0,0,0,0,0,-1,0,0,0,0,-1,2,-1,0,60,-1,0,0,-1,0,1,0,-1,2,0,0,0,0,-1,-1,0,0,-1,0,2,0,-1,40,0,0,-1,0,0,0,0,0,0,0,0,-1,0,0,0,0,0,0,0,-1,0,0,0,-1,-1,-1,0,TCP,0,-1,0,0,0,-1,0,40,-1,0,0,60,-1,0,-1,1,0,-1,-1,40,-1,-1,0,0,0,0,0,0,-1,-1,0,0,0,1,0,0,0,0,0,0,0,0,0,-1,0,0,0,80,0,0,0,1,0,0,0,-1,40,-1,1,0,3,1,0,0,0,-1,0,0,-1,1,-1,0,0,0,0,0,182,3,0,1,0,-1,0,-1,0,0,0,0,0,0,-1,0,-1,0,0,0,0,0,-1,0,0,0,0,0
85.190.0.3,33261,147.32.84.191,8000,CTU13/11,Background-TCP-Attempt,,,,Unrated,0/Unknown,0,-1,0,0,0,0,0,0,0,0,-1,-1,0,60,0,0,60,0,-1,40,-1,60,-1,0,0,0,0,0,-1,0,0,0,0,-1,2,-1,0,60,-1,0,0,-1,0,1,0,-1,2,0,0,0,0,-1,-1,0,0,-1,0,2,0,-1,40,0,0,-1,0,0,0,0,0,0,0,0,-1,0,0,0,0,0,0,0,-1,0,0,0,-1,-1,-1,0,TCP,0,-1,0,0,0,-1,0,40,-1,0,0,60,-1,0,-1,1,0,-1,-1,40,-1,-1,0,0,0,0,0,0,-1,-1,0,0,0,1,0,0,0,0,0,0,0,0,0,-1,0,0,0,80,0,0,0,0,0,0,0,-1,40,-1,0,0,3,0,0,0,0,-1,0,0,-1,0,-1,0,0,0,0,0,182,3,0,0,0,-1,0,-1,0,0,0,0,0,0,-1,0,-1,0,0,0,0,0,-1,0,0,0,0,0
85.190.0.3,33060,147.32.84.191,8000,CTU13/11,Background-TCP-Attempt,,,,Unrated,0/Unknown,0,-1,0,0,2000,0,0,1000,0,0,-1,-1,0,60,0,0,60,0,-1,40,-1,60,-1,0,0,0,0,0,-1,0,0,0,0,-1,2,-1,0,60,-1,0,0,-1,0,1,0,-1,2,0,0,0,0,-1,-1,0,0,-1,0,2,0,-1,40,0,0,-1,0,0,0,0,0,0,0,0,-1,0,0,0,0,0,0,0,-1,0,0,0,-1,-1,-1,0,TCP,0,-1,0,0,0,-1,0,40,-1,0,0,60,-1,0,-1,1,0,-1,-1,40,-1,-1,0,0,0,0,0,0,-1,-1,0,0,0,1,0,0,0,0,0,0,0,0,0,-1,0,0,0,80,0,0,0,1,0,0,0,-1,40,-1,1,0,3,1,0,0,0,-1,0,0,-1,1,-1,0,0,0,0,0,182,3,0,1,0,-1,0,-1,0,0,0,0,0,0,-1,0,-1,0,0,0,0,0,-1,0,0,0,0,0
147.32.84.171,138,147.32.84.165,138,CTU13/11,,,,,Unrated,0/Unknown,188,-1,0,-1,0,0,0,0,0,0,-1,-1,0,28,0,188,28,0,-1,0,-1,28,-1,188,0,0,0,0,-1,0,0,0,188,-1,0,-1,0,28,-1,0,0,-1,188,1,-1,-1,0,0,0,0,188,-1,-1,1,0,-1,0,0,0,-1,0,0,0,-1,0,0,0,0,0,0,0,188,-1,0,0,0,0,-1,0,0,-1,0,0,188,-1,-1,-1,188,UDP,0,-1,1,0,0,-1,0,-1,-1,0,0,28,-1,0,-1,1,188,-1,-1,-1,-1,-1,0,0,0,0,0,0,-1,-1,0,0,28,0,0,0,0,0,0,0,0,1,0,-1,0,0,0,0,0,0,0,0,0,1,0,-1,0,-1,0,188,1,0,0,0,0,-1,0,0,-1,0,-1,0,0,0,28,0,230,0,0,-1,0,-1,0,-1,0,188,0,0,0,0,-1,-1,-1,0,0,0,0,188,-1,-1,28,0,0,0
147.32.84.165,1039,147.32.84.171,139,CTU13/11,,,,,Acceptable,10/NetBIOS,0,72,0,0,687,0,0,1375,0,0,-1,40,1,48,0,304,40,500,137,40,-1,48,-1,89,2,500,0,1142,40,0,0,3,2050,40,11,0,23,896,1,0,65,0,2050,1,1,0,0,23,146,1,2050,-1,137,1,1,2,2,31,0,0,40,14,23,-1,0,0,23,1142,4,280,6,39,-1,23,0,0,14,0,0,0,72,23,7,2050,-1,0,40,276,TCP,304,-1,16,0,0,240,0,48,-1,0,0,40,0,0,40,22,2966,0,-1,48,1,1,0,14,912,114,280,0,1,-1,0,0,640,3,280,146,24,128,0,0,1142,16,14,0,0,0,0,448,92,65,0,16,0,16,0,0,48,1,7,0,33,6,1,0,0,1,57,0,-1,2,40,0,912,96,640,7,4772,9,0,0,146,0,912,4,916,0,0,0,500,1,40,0,40,0,82,0,0,128,131,0,640,7,0,65
147.32.84.171,137,147.32.84.165,137,CTU13/11,,,,,Acceptable,10/NetBIOS,62,-1,0,-1,0,0,0,0,0,0,-1,-1,0,28,0,62,28,0,-1,0,-1,28,-1,62,0,0,0,0,-1,0,0,0,62,-1,0,-1,0,28,-1,0,0,-1,62,1,-1,-1,0,0,0,0,62,-1,-1,1,1,-1,0,0,0,-1,0,0,0,-1,0,0,0,0,0,0,0,62,-1,0,0,0,0,-1,0,0,-1,0,0,62,-1,-1,-1,62,UDP,0,-1,1,0,0,-1,0,-1,-1,0,0,28,-1,0,-1,1,62,-1,-1,-1,-1,-1,0,0,0,0,0,0,-1,-1,0,0,28,0,0,0,0,0,0,0,0,1,0,-1,0,0,0,0,0,0,0,0,0,1,0,-1,0,-1,0,62,1,0,0,0,0,-1,0,0,-1,0,-1,0,0,0,28,0,104,0,0,-1,0,-1,0,-1,0,62,0,0,0,0,-1,-1,-1,0,0,0,0,62,-1,-1,28,0,0,0
147.32.84.171,138,147.32.84.191,138,CTU13/11,,,,,Unrated,0/Unknown,188,-1,0,-1,0,0,0,0,0,0,-1,-1,0,28,0,188,28,0,-1,0,-1,28,-1,188,0,0,0,0,-1,0,0,0,188,-1,0,-1,0,28,-1,0,0,-1,188,1,-1,-1,0,0,0,0,188,-1,-1,1,0,-1,0,0,0,-1,0,0,0,-1,0,0,0,0,0,0,0,188,-1,0,0,0,0,-1,0,0,-1,0,0,188,-1,-1,-1,188,UDP,0,-1,1,0,0,-1,0,-1,-1,0,0,28,-1,0,-1,1,188,-1,-1,-1,-1,-1,0,0,0,0,0,0,-1,-1,0,0,28,0,0,0,0,0,0,0,0,1,0,-1,0,0,0,0,0,0,0,0,0,1,0,-1,0,-1,0,188,1,0,0,0,0,-1,0,0,-1,0,-1,0,0,0,28,0,230,0,0,-1,0,-1,0,-1,0,188,0,0,0,0,-1,-1,-1,0,0,0,0,188,-1,-1,28,0,0,0
147.32.84.171,137,147.32.84.191,137,CTU13/11,,,,,Acceptable,10/NetBIOS,62,-1,0,-1,0,0,0,0,0,0,-1,-1,0,28,0,62,28,0,-1,0,-1,28,-1,62,0,0,0,0,-1,0,0,0,62,-1,0,-1,0,28,-1,0,0,-1,62,1,-1,-1,0,0,0,0,62,-1,-1,1,1,-1,0,0,0,-1,0,0,0,-1,0,0,0,0,0,0,0,62,-1,0,0,0,0,-1,0,0,-1,0,0,62,-1,-1,-1,62,UDP,0,-1,1,0,0,-1,0,-1,-1,0,0,28,-1,0,-1,1,62,-1,-1,-1,-1,-1,0,0,0,0,0,0,-1,-1,0,0,28,0,0,0,0,0,0,0,0,1,0,-1,0,0,0,0,0,0,0,0,0,1,0,-1,0,-1,0,62,1,0,0,0,0,-1,0,0,-1,0,-1,0,0,0,28,0,104,0,0,-1,0,-1,0,-1,0,62,0,0,0,0,-1,-1,-1,0,0,0,0,62,-1,-1,28,0,0,0
147.32.84.191,1039,147.32.84.171,139,CTU13/11,,,,,Acceptable,10/NetBIOS,0,72,0,0,916,0,0,1833,0,0,-1,40,0,48,0,304,40,700,137,40,-1,48,-1,90,2,700,0,1600,40,0,0,3,2054,40,11,1,23,896,1,0,91,0,2054,1,1,0,0,23,205,0,2054,-1,137,1,1,2,2,31,0,0,40,10,23,-1,0,0,23,1600,4,280,2,39,-1,23,0,0,10,0,0,0,72,23,7,2054,-1,0,40,278,TCP,304,-1,16,0,0,240,0,48,-1,0,0,40,0,0,40,22,2970,0,-1,48,1,1,0,10,912,114,280,0,1,-1,0,0,640,3,280,205,24,171,0,0,1600,16,10,0,0,0,0,448,92,91,0,12,0,16,0,0,48,1,2,0,33,2,0,0,0,1,76,0,-1,2,40,0,912,96,640,7,4776,9,0,0,205,0,912,4,916,0,0,0,700,1,40,0,40,0,82,0,0,128,131,0,640,7,0,91
147.32.84.171,138,147.32.84.192,138,CTU13/11,,,,,Unrated,0/Unknown,188,-1,0,-1,0,0,0,0,0,0,-1,-1,0,28,0,188,28,0,-1,0,-1,28,-1,188,0,0,0,0,-1,0,0,0,188,-1,0,-1,0,28,-1,0,0,-1,188,1,-1,-1,0,0,0,0,188,-1,-1,1,0,-1,0,0,0,-1,0,0,0,-1,0,0,0,0,0,0,0,188,-1,0,0,0,0,-1,0,0,-1,0,0,188,-1,-1,-1,188,UDP,0,-1,1,0,0,-1,0,-1,-1,0,0,28,-1,0,-1,1,188,-1,-1,-1,-1,-1,0,0,0,0,0,0,-1,-1,0,0,28,0,0,0,0,0,0,0,0,1,0,-1,0,0,0,0,0,0,0,0,0,1,0,-1,0,-1,0,188,1,0,0,0,0,-1,0,0,-1,0,-1,0,0,0,28,0,230,0,0,-1,0,-1,0,-1,0,188,0,0,0,0,-1,-1,-1,0,0,0,0,188,-1,-1,28,0,0,0
147.32.84.171,137,147.32.84.192,137,CTU13/11,,,,,Acceptable,10/NetBIOS,62,-1,0,-1,0,0,0,0,0,0,-1,-1,0,28,0,62,28,0,-1,0,-1,28,-1,62,0,0,0,0,-1,0,0,0,62,-1,0,-1,0,28,-1,0,0,-1,62,1,-1,-1,0,0,0,0,62,-1,-1,1,1,-1,0,0,0,-1,0,0,0,-1,0,0,0,0,0,0,0,62,-1,0,0,0,0,-1,0,0,-1,0,0,62,-1,-1,-1,62,UDP,0,-1,1,0,0,-1,0,-1,-1,0,0,28,-1,0,-1,1,62,-1,-1,-1,-1,-1,0,0,0,0,0,0,-1,-1,0,0,28,0,0,0,0,0,0,0,0,1,0,-1,0,0,0,0,0,0,0,0,0,1,0,-1,0,-1,0,62,1,0,0,0,0,-1,0,0,-1,0,-1,0,0,0,28,0,104,0,0,-1,0,-1,0,-1,0,62,0,0,0,0,-1,-1,-1,0,0,0,0,62,-1,-1,28,0,0,0
147.32.84.192,1038,147.32.84.171,139,CTU13/11,,,,,Acceptable,10/NetBIOS,0,72,0,0,916,0,0,1833,0,0,-1,40,0,48,0,304,40,777,137,40,-1,48,-1,90,2,777,0,1777,40,0,0,3,2054,40,11,0,23,896,1,0,101,0,2054,1,1,1,0,23,228,0,2054,-1,137,1,1,1,2,31,0,0,40,9,23,-1,0,0,23,1777,4,280,2,39,-1,23,0,0,9,1,0,0,72,23,7,2054,-1,0,40,278,TCP,304,-1,16,0,0,240,0,48,-1,0,0,40,0,0,40,22,2970,0,-1,48,1,1,0,9,912,114,280,0,1,-1,0,0,640,3,280,228,24,171,0,0,1777,16,9,0,0,0,0,448,92,101,0,12,0,16,0,0,48,1,2,0,33,1,0,0,0,1,76,0,-1,3,40,0,912,96,640,7,4776,9,0,0,228,0,912,4,916,0,0,0,777,1,40,0,40,0,82,0,0,128,131,0,640,7,0,101
147.32.84.79,37994,147.32.84.165,0,CTU13/11,,,,,Unrated,0/Unknown,27,-1,0,-1,0,0,0,0,0,0,-1,-1,0,28,0,27,28,0,-1,0,-1,28,-1,27,0,0,0,0,-1,0,0,0,27,-1,0,-1,0,28,-1,0,0,-1,27,1,-1,-1,0,0,0,0,27,-1,-1,1,0,-1,0,0,0,-1,0,0,0,-1,0,0,0,0,0,0,0,27,-1,0,0,0,0,-1,0,0,-1,0,0,27,-1,-1,-1,27,UDP,0,-1,1,0,0,-1,0,-1,-1,0,0,28,-1,0,-1,1,27,-1,-1,-1,-1,-1,0,0,0,0,0,0,-1,-1,0,0,28,0,0,0,0,0,0,0,0,1,0,-1,0,0,0,0,0,0,0,0,0,1,0,-1,0,-1,0,27,1,0,0,0,0,-1,0,0,-1,0,-1,0,0,0,28,0,69,0,0,-1,0,-1,0,-1,0,27,0,0,0,0,-1,-1,-1,0,0,0,0,27,-1,-1,28,0,0,0
147.32.84.165,0,147.32.84.79,0,CTU13/11,,,,,Unrated,0/Unknown,0,0,0,0,0,0,0,3,0,0,-1,99,0,83,0,0,83,0,0,0,-1,99,-1,0,0,0,0,0,99,0,0,0,0,99,0,-1,0,958,0,0,0,1,0,1,1,0,0,0,0,457,0,-1,0,0,0,1005,6,0,0,0,0,0,0,-1,0,0,0,0,0,0,1005,0,-1,0,0,0,0,31,0,0,0,0,0,0,-1,1003,99,0,ICMP,0,-1,0,0,0,-1,0,83,-1,303,0,95,1,0,99,10,0,0,-1,99,1,1,0,0,0,0,0,0,1,-1,0,0,0,0,0,0,0,0,0,0,0,0,0,1,0,0,0,0,0,0,0,3039,0,0,0,0,0,-1,0,0,10,1005,457,0,0,1,0,303,-1,3039,99,0,0,0,0,0,1098,10,0,0,0,1000,0,0,0,0,0,0,0,0,99,0,-1,0,0,0,0,0,0,1,0,0,0,0
147.32.84.79,41416,147.32.84.165,161,CTU13/11,,,,,Acceptable,14/SNMP,43,43,0,43,0,0,0,1,0,1004,-1,-1,0,28,0,43,28,0,-1,0,-1,28,-1,43,0,0,0,0,-1,0,0,0,172,-1,0,-1,0,112,-1,2,0,-1,43,1,1,-1,0,0,0,434,43,-1,-1,4,1,-1,0,0,0,1004,0,0,0,-1,0,0,0,0,0,0,1004,43,-1,0,0,0,0,1004,0,0,-1,0,0,43,-1,-1,-1,43,UDP,0,-1,1,0,0,-1,0,28,-1,752,0,28,-1,0,-1,4,172,-1,-1,28,-1,-1,0,0,0,0,0,0,1,-1,0,0,28,0,0,0,0,0,0,1002,0,1,0,-1,0,0,0,0,0,0,0,3008,0,1,0,-1,0,-1,0,43,4,1004,434,0,0,-1,0,752,-1,3008,28,0,0,0,28,0,340,0,0,1000,0,-1,0,-1,0,43,0,0,0,0,-1,43,-1,0,0,1000,0,43,-1,1,28,0,0,0
147.32.84.191,0,147.32.96.69,0,CTU13/11,Background,,,,Unrated,0/Unknown,0,0,0,0,0,0,0,0,0,0,-1,1052,0,1052,0,0,1052,0,0,0,-1,1052,-1,0,0,0,0,0,1052,0,0,0,0,1052,0,2868,0,25248,0,0,0,1,0,1,1,0,0,0,0,9419,0,-1,0,0,0,3242,0,0,0,0,0,0,0,-1,0,0,0,0,0,0,40290,0,-1,0,0,0,0,5352,0,0,0,0,0,0,-1,20802,1052,0,ICMP,0,-1,0,0,0,0,0,1052,-1,5266,0,1052,1,0,1052,24,0,0,-1,1052,1,1,0,0,0,0,0,0,1,-1,0,0,0,0,0,0,0,0,0,0,0,0,0,1,0,0,0,0,0,0,0,126389,0,0,0,0,0,1,0,0,24,40290,9419,0,0,1,0,5266,-1,126389,1052,0,0,0,0,0,25584,24,0,0,0,4933,0,0,0,0,0,0,0,0,1052,0,1052,0,0,0,0,0,0,1,0,0,0,0
147.32.84.165,0,147.32.96.69,0,CTU13/11,From-Botnet-V51-1-ICMP,,,,Unrated,0/Unknown,0,0,0,0,0,0,0,0,0,0,-1,1052,0,1052,0,0,1052,0,0,0,-1,1052,-1,0,0,0,0,0,1052,0,0,0,0,1052,0,9789,0,25248,0,0,0,1,0,1,1,0,0,0,0,8520,0,-1,0,0,0,22739,0,0,0,0,0,0,0,-1,0,0,0,0,0,0,30256,0,-1,0,0,0,0,14561,0,0,0,0,0,0,-1,12034,1052,0,ICMP,0,-1,0,0,0,0,0,1052,-1,5210,0,1052,1,0,1052,24,0,0,-1,1052,1,1,0,0,0,0,0,0,1,-1,0,0,0,0,0,0,0,0,0,0,0,0,0,1,0,0,0,0,0,0,0,125053,0,0,0,0,0,1,0,0,24,30256,8520,0,0,1,0,5210,-1,125053,1052,0,0,0,0,0,25584,24,0,0,0,30256,0,0,0,0,0,0,0,0,1052,0,1052,0,0,0,0,0,0,1,0,0,0,0
147.32.84.79,42168,147.32.84.191,0,CTU13/11,,,,,Unrated,0/Unknown,27,-1,0,-1,0,0,0,0,0,0,-1,-1,0,28,0,27,28,0,-1,0,-1,28,-1,27,0,0,0,0,-1,0,0,0,27,-1,0,-1,0,28,-1,0,0,-1,27,1,-1,-1,0,0,0,0,27,-1,-1,1,0,-1,0,0,0,-1,0,0,0,-1,0,0,0,0,0,0,0,27,-1,0,0,0,0,-1,0,0,-1,0,0,27,-1,-1,-1,27,UDP,0,-1,1,0,0,-1,0,-1,-1,0,0,28,-1,0,-1,1,27,-1,-1,-1,-1,-1,0,0,0,0,0,0,-1,-1,0,0,28,0,0,0,0,0,0,0,0,1,0,-1,0,0,0,0,0,0,0,0,0,1,0,-1,0,-1,0,27,1,0,0,0,0,-1,0,0,-1,0,-1,0,0,0,28,0,69,0,0,-1,0,-1,0,-1,0,27,0,0,0,0,-1,-1,-1,0,0,0,0,27,-1,-1,28,0,0,0
147.32.84.191,0,147.32.84.79,0,CTU13/11,,,,,Unrated,0/Unknown,0,0,0,0,0,0,0,2,0,0,-1,99,0,83,0,0,83,0,0,0,-1,99,-1,0,0,0,0,0,99,0,0,0,0,99,0,-1,0,958,0,0,0,1,0,1,1,0,0,0,0,707,0,-1,0,0,0,1357,6,0,0,0,0,0,0,-1,0,0,0,0,0,0,1732,0,-1,0,0,0,0,62,0,0,0,0,0,0,-1,1732,99,0,ICMP,0,-1,0,0,0,-1,0,83,-1,468,0,95,1,0,99,10,0,0,-1,99,1,1,0,0,0,0,0,0,1,-1,0,0,0,0,0,0,0,0,0,0,0,0,0,1,0,0,0,0,0,0,0,4687,0,0,0,0,0,-1,0,0,10,1732,707,0,0,1,0,468,-1,4687,99,0,0,0,0,0,1098,10,0,0,0,1536,0,0,0,0,0,0,0,0,99,0,-1,0,0,0,0,0,0,1,0,0,0,0
147.32.84.79,51077,147.32.84.191,161,CTU13/11,,,,,Acceptable,14/SNMP,43,43,0,43,0,0,0,0,0,1732,-1,-1,0,28,0,43,28,0,-1,0,-1,28,-1,43,0,0,0,0,-1,0,0,0,172,-1,0,-1,0,112,-1,153,0,-1,43,1,1,-1,0,0,0,680,43,-1,-1,4,1,-1,0,0,0,1732,0,0,0,-1,0,0,0,0,0,0,1732,43,-1,0,0,0,0,1357,0,0,-1,0,0,43,-1,-1,-1,43,UDP,0,-1,1,0,0,-1,0,28,-1,1156,0,28,-1,0,-1,4,172,-1,-1,28,-1,-1,0,0,0,0,0,0,1,-1,0,0,28,0,0,0,0,0,0,1541,0,1,0,-1,0,0,0,0,0,0,0,4625,0,1,0,-1,0,-1,0,43,4,1732,680,0,0,-1,0,1156,-1,4625,28,0,0,0,28,0,340,0,0,1536,0,-1,0,-1,0,43,0,0,0,0,-1,43,-1,0,0,1357,0,43,-1,1,28,0,0,0
147.32.84.79,35077,147.32.84.192,0,CTU13/11,,,,,Unrated,0/Unknown,27,-1,0,-1,0,0,0,0,0,0,-1,-1,0,28,0,27,28,0,-1,0,-1,28,-1,27,0,0,0,0,-1,0,0,0,27,-1,0,-1,0,28,-1,0,0,-1,27,1,-1,-1,0,0,0,0,27,-1,-1,1,0,-1,0,0,0,-1,0,0,0,-1,0,0,0,0,0,0,0,27,-1,0,0,0,0,-1,0,0,-1,0,0,27,-1,-1,-1,27,UDP,0,-1,1,0,0,-1,0,-1,-1,0,0,28,-1,0,-1,1,27,-1,-1,-1,-1,-1,0,0,0,0,0,0,-1,-1,0,0,28,0,0,0,0,0,0,0,0,1,0,-1,0,0,0,0,0,0,0,0,0,1,0,-1,0,-1,0,27,1,0,0,0,0,-1,0,0,-1,0,-1,0,0,0,28,0,69,0,0,-1,0,-1,0,-1,0,27,0,0,0,0,-1,-1,-1,0,0,0,0,27,-1,-1,28,0,0,0
147.32.84.192,0,147.32.84.79,0,CTU13/11,,,,,Unrated,0/Unknown,0,0,0,0,0,0,0,2,0,0,-1,99,0,83,0,0,83,0,0,0,-1,99,-1,0,0,0,0,0,99,0,0,0,0,99,0,-1,0,958,0,0,0,1,0,1,1,0,0,0,0,712,0,-1,0,0,0,1549,6,0,0,0,0,0,0,-1,0,0,0,0,0,0,1585,0,-1,0,0,0,0,46,0,0,0,0,0,0,-1,1585,99,0,ICMP,0,-1,0,0,0,-1,0,83,-1,473,0,95,1,0,99,10,0,0,-1,99,1,1,0,0,0,0,0,0,1,-1,0,0,0,0,0,0,0,0,0,0,0,0,0,1,0,0,0,0,0,0,0,4732,0,0,0,0,0,-1,0,0,10,1585,712,0,0,1,0,473,-1,4732,99,0,0,0,0,0,1098,10,0,0,0,1552,0,0,0,0,0,0,0,0,99,0,-1,0,0,0,0,0,0,1,0,0,0,0
147.32.84.79,42694,147.32.84.192,161,CTU13/11,,,,,Acceptable,14/SNMP,43,43,0,43,0,0,0,0,0,1585,-1,-1,0,28,0,43,28,0,-1,0,-1,28,-1,43,0,0,0,0,-1,0,0,0,172,-1,0,-1,0,112,-1,16,0,-1,43,1,1,-1,0,0,0,676,43,-1,-1,4,1,-1,0,0,0,1585,0,0,0,-1,0,0,0,0,0,0,1585,43,-1,0,0,0,0,1549,0,0,-1,0,0,43,-1,-1,-1,43,UDP,0,-1,1,0,0,-1,0,28,-1,1171,0,28,-1,0,-1,4,172,-1,-1,28,-1,-1,0,0,0,0,0,0,1,-1,0,0,28,0,0,0,0,0,0,1562,0,1,0,-1,0,0,0,0,0,0,0,4686,0,1,0,-1,0,-1,0,43,4,1585,676,0,0,-1,0,1171,-1,4686,28,0,0,0,28,0,340,0,0,1552,0,-1,0,-1,0,43,0,0,0,0,-1,43,-1,0,0,1549,0,43,-1,1,28,0,0,0
